Product_Title,Product_Prices
Analog Watch - For Men DTWGC0000303,"₹18,769"
Analog Watch - For Men DTWGN0000106,"₹10,449"
KIDS-G-SPORT LOOK BAND SHOCK CHRONOGRAPH RESISTANCE Dig...,₹199
Wrist Men Watch Ultra Watch with Alarm & Water Resist F...,₹269
Wrist Watch Sport Watch with Water Resist Feature 1260 ...,₹276
Beverly Hills Polo Club Analog Watch - For Men BP5006Y...,"₹7,000"
Analog Watch - For Women AW24_HSWC1184,"₹1,249"
Analog Watch - For Women AW24_HSWC1219,₹989
Elivor Fashion Combo Mens Watch BLACK & ORANGE Digital ...,₹299
Analog Watch - For Men sb04 black-blue-white,₹448
All Black Day & Date Functioning Long Life Black Plated...,₹499
Brown Day and Date Functioning Check Pattern Strap Quar...,₹299
Automatic Silver Dial Analog Watch - For Men TWEG208SM...,"₹6,659"
Analog Watch - For Women GZ-60015-22,"₹5,450"
Digital Watch - For Boys & Girls 5400,₹274
Elegant Series Square Analog Quartz For Men/Boys Analog...,₹355
Day and Date Functioning Olive Green Dial Metal Strap Q...,₹299
Digital Watch - For Boys G80 Day & Date Display,₹229
Analog Watch - For Women L 6180 WM-02 | 3 ATM Water Re...,"₹2,156"
Ultra 24C Digital Watch - For Boys & Girls Ultra 24C,₹141
2038-WH Day and Date Analog Watch - For Men 2038-WH,₹319
OTUS Limited Day and Date Functioning Series Square Dia...,₹349
Elegant Series Square Analog Quartz For Men/Boys Analog...,₹329
Water Resistance Digital Watch - For Boys & Girls Bran...,₹189
Mesh Strap Multicolor Dial Quartz Analog Watch - For M...,₹249
Analog Watch - For Boys WRG00112E,₹489
Men Analog Watch - For Men LD-BK0054-OCEAN Silicone St...,₹288
Combo Analog Watch - For Men Abx8010-Gents Exclusive (...,₹345
New Gen Sports Alarm Digital Watch - For Boys Black Sp...,₹319
The most recent and cutting-edge design for a black LED...,₹279
Classic Series Mesh Chain Stainless Steel Square Quartz...,₹299
With New Design RASA Chain & Bracelet Gold Special Comb...,₹449
Analog Watch - For Men Combo Pack Of 2 New Arrival Bla...,₹249
Analog Watch - For Men PE000017B,"₹1,499"
Fancy Design Stylish ALPHABET P Dial Black Leather Stra...,₹293
New Good Looking Attractive Watch Digital Watch - For ...,₹129
Magnetic Chain magnet strap with bracelet hand watch gi...,₹279
Trending Day & Date Series Stainless Steel Chain for Bo...,₹330
Blue Dial Stainless Steel Analog Watch - For Men TW0TG...,₹629
Volt Analog Watch - For Men 77085PP03,₹589
Day and Date Function Steel Strap Quartz Analog Watch ...,₹329
Analog Watch - For Girls Butterfly Design Premium Leat...,₹249
Analog Watch - For Men AS000010F,"₹1,019"
BEST ATTRACTIVE DESIGN LATEST WRIST WATCH FOR BOYS & GI...,₹199
Analog Watch - For Men AS000010E,"₹1,049"
Tees Analog Watch - For Men & Women NG38003PP08,₹469
LD-L22-SLV-CH Silver Mesh Strap Girls Analog Watch - F...,₹299
Rose Gold Mesh Magnet Chain Analog Watch - For Women J...,₹294
Analog Watch - For Men NP1773SL02,"₹1,079"
FOREST BLACK Analog Watch - For Men analog watch,"₹2,039"
A Metronaut Brand Analog-Digital Watch - For Men Army ...,₹649
FOGG-1141-Blue Day and Date Analog Watch - For Men 114...,₹299
Digital Watch - For Girls Waterproof Casual Luminous S...,₹131
2023 Edition Analog Watch - For Men AS000010P,₹849
Silver Dial Stainless Steel Analog Watch - For Men TW0...,₹579
Fancy Design Stylish ALPHABET P Dial Green Leather Stra...,₹293
Analog Watch with Day and Date Display Analog Watch - ...,₹340
Blue Dial Stainless Steel Mesh Chain Analog Watch - Fo...,₹280
2024 Edition Analog Watch - For Men AS000060D,"₹1,019"
Analog Watch - For Women VH000008E,"₹1,179"
5501-BLACK Fogg Elite Couple Black Platted Premium Day ...,₹799
Day & Date Analog Watch - For Men Antique 2.0 Day & Da...,₹363
Vintage A158WA-1DF Black Dial Silver Stainless Steel Ba...,"₹1,695"
Modern touch with Luxury-Bold touch Analog Watch - For...,₹339
Analog Watch - For Women VH000007E,"₹1,089"
Silver Dial Leather Strap Analog Watch - For Men TW0TG...,₹599
Trending Day & Date Functioning for Boys Analog Watch ...,₹350
Timewear 0201BG premium watch Analog Watch - For Men &...,₹369
Analog Watch - For Men AS000010B,₹819
Analog mens watches watches for men CR255 Analog Watch ...,"₹1,095"
LK203 Analog Watch - For Men Day and Date Functioning ...,₹438
Day and Date Functioning Blue Avatar Leather Strap Quar...,₹300
Digital Watch - For Boys & Girls s47_BlackUltW,₹279
Mechanical Automatic Analog Watch - For Men 90195SL01,"₹10,979"
Analog Watch - For Men WRG00066A,₹389
Analog Watch - For Women Steel Chain Watch for Women a...,₹419
Trending Daily Wear Watch for Men Analog Watch - For M...,₹390
Vintage LA-11WR-5ADF Rose Gold Dial Rose Gold Stainless...,"₹4,895"
Stainless Steel Chain with Self Size Adjustable Analog ...,₹329
Analog Watch - For Men AS000024B,"₹1,269"
Youth Digital ( W-218H-4B2VDF ) Digital Watch - For Bo...,"₹1,695"
Low cost - Astra Analog Watch - For Women NP87018YM01,₹825
Analog Watch - For Men PE000009B,₹719
Black Dial Stainless Steel Analog Watch - For Men TW0T...,₹679
Analog Watch - For Men PE000017E,"₹1,549"
Briggs Analog Watch - For Men CH2927I,"₹4,129"
Big Dial Analog Watch - For Men KL-9301-BLACK,₹379
New Good Looking Attractive Watch Digital Watch - For ...,₹149
Black Dial Stainless Steel Analog Watch - For Men TWTG...,₹889
Analog Watch - For Men NN7987YL02W,₹649
Digital Watch - For Boys & Girls FB-003-KDS/SPDR,₹283
T10 Ultra2 smartwatch with calling Hybrid Smartwatch Wa...,₹649
"Calendar, Stop Watch, Trending, Confirmable Sports Digi...",₹539
Analog Watch - For Men 7140SM04,"₹1,529"
"Digital 24 Spiderman Wonderful Projector Kids, Diwali G...",₹245
Analog Watch - For Men 3240SL01,"₹1,109"
Original Gold Plated Day and Date Functioning Analog Wa...,₹449
Automatic White Dial Analog Watch - For Men TWEG208SMU...,"₹5,489"
Volt + Analog Watch - For Men NP77085PL02W,₹849
Digital Watch - For Boys & Girls Square Miller Analog ...,₹249
Tees Analog Watch - For Men & Women 38024PP57W,₹579
Minimalists Analog Watch - For Men 38024PP25,₹895
2023 Edition Analog Watch - For Men AS000050C,"₹1,489"
Essential Gents collection Analog Watch - For Men 7708...,₹995
Automatic Blue Dial Analog Watch - For Men TW000Z804,"₹8,339"
Analog Watch - For Women NN8976SM01W,₹749
Digital Watch - For Boys & Girls Digital Watch - For B...,₹129
Digital Watch - For Boys & Girls Smart Watch Return Gi...,₹149
Timewear 0201BG premium watch Analog Watch - For Men &...,₹369
Analog Watch - For Men PE000029A,₹859
Analog Watch - For Men PE000003B,₹849
DK11599-4 Analog Watch - For Men DK11599-4,"₹1,679"
Big Dial Analog Watch - For Men KL-9301-SILVER,₹379
Analog Watch - For Couple AS000019C,"₹1,479"
Analog Watch - For Men NN7007YM04,"₹1,425"
White Dial Analog Watch - For Men A303,₹799
Neo Splash Analog Watch - For Men 1805QM01,"₹6,995"
Volt Analog Watch - For Men 77085PP04,₹725
Youth Series Digital Watch - For Men D218 (AE-1500WH-1...,"₹2,495"
2024 Edition Analog Watch - For Men PE000066E,"₹2,009"
Tees Analog Watch - For Men & Women 38024PP57W,₹579
Wrist Men Watch Ultra Watch with Alarm & Water Resist F...,₹269
Wrist Watch Sport Watch with Water Resist Feature 1260 ...,₹276
Analog Watch - For Women AW24_HSWC1184,"₹1,249"
Analog Watch - For Women AW24_HSWC1219,₹989
Elivor Fashion Combo Mens Watch BLACK & ORANGE Digital ...,₹299
Exclusive Design Style Hot Selling Latest 23th Model An...,₹149
SONATA ASPIRE 1.0 Analog Watch - For Men 77105NM04W,"₹1,499"
Analog Watch - For Women GZ-60015-22,"₹5,450"
Volt + Analog Watch - For Men NP77085PL02W,₹849
Analog Watch - For Women NN8976YL03W,₹675
Analog Watch - For Women L 6180 WM-02 | 3 ATM Water Re...,"₹2,156"
Digital Watch - For Girls Waterproof Casual Luminous S...,₹131
Digital Watch - For Boys & Girls FB-003-KDS/SPDR,₹283
Multi Function Silver Dial Analog Watch - For Men TWEG...,"₹1,589"
Blue Dial Stainless Steel Analog Watch - For Men TWTG8...,"₹1,149"
Grey Dial Stainless Steel Analog Watch - For Women TWH...,₹849
New Gen Sports Alarm Digital Watch - For Boys Black Sp...,₹319
Vintage Rose Gold Dial Rose Gold Stainless Steel Band D...,"₹4,495"
2024 Edition Analog Watch - For Men PE000066E,"₹2,009"
Edifice EFR-526L-7AVUDF Silver Dial Brown Leather Band ...,"₹7,795"
Fancy Design Stylish ALPHABET P Dial Black Leather Stra...,₹293
Analog Watch - For Men PE000003B,₹849
Multi Function Black Dial Analog Watch - For Men TWHG0...,"₹2,239"
Neo Gents V Analog Watch - For Men NP1802SL11,"₹3,375"
Analog mens watches watches for men -MJCR1 Analog Watch...,₹995
Analog Watch - For Men TW000X130,"₹3,734"
Izzy Analog Watch - For Women ES4782,"₹5,679"
2023 Edition Analog Watch - For Women AS000047A,₹849
Fancy Design Stylish ALPHABET R Dial Black Leather Stra...,₹293
SO Mass Analog Watch - For Men NP7987YM06W,₹999
2023 Edition Analog Watch - For Men AS000046C,₹789
Fancy Design Stylish ALPHABET A Dial Grey Leather Strap...,₹293
Trendies Analog Watch - For Women 68007PP02,"₹1,049"
Digital Watch - For Boys & Girls s47_BlackUltW,₹279
Vintage Black Dial Silver Stainless Steel Band Digital ...,"₹1,995"
Analog Watch - For Men Black Plain KNLR21,₹317
Analog Watch - For Women 87037PL01W,₹509
Green Dial Stainless Steel Analog Watch - For Women TW...,"₹1,179"
Analog Watch - For Women AMWW629,₹944
Green Dial Stainless Steel Analog Watch - For Women TW...,"₹1,179"
Fancy Design Stylish ALPHABET R Dial Black Leather Stra...,₹293
Vintage Black Dial Silver Stainless Steel Band Digital ...,"₹1,995"
Analog Watch - For Women 87037PL01W,₹509
Analog Watch - For Men TWTG10509,"₹1,997"
Fancy Design Stylish ALPHABET A Dial Grey Leather Strap...,₹293
Analog Watch - For Men NP7987YL01W,₹649
Multi Function Silver Dial Analog Watch - For Men TWEG...,"₹1,409"
Champagne-Dial Analog Watch - For Women TWEL11414,"₹1,219"
Analog Watch - For Men Black Plain KNLR21,₹317
Analog Watch - For Women AMWW629,₹944
Karishma Analog Watch - For Women NP2593SM03,"₹1,580"
Analog Watch - For Men NP9441SL03,"₹4,029"
Analog Watch - For Men FN-1902-BL,₹359
Golden Dial Analog Watch - For Men A304,₹699
Youth Digital ( AE-1100W-1BVDF ) Digital Watch - For B...,"₹3,295"
Analog Watch - For Men NN7987YL02W,₹649
Fancy Design Stylish ALPHABET P Dial Green Leather Stra...,₹293
KIDS-G-SPORT LOOK BAND SHOCK CHRONOGRAPH RESISTANCE Dig...,₹199
Analog Watch - For Men PE000017D,"₹1,019"
Stunners 6.0 Analog Watch - For Men 3278SM04,"₹1,495"
Modern touch with Luxury-Bold touch Analog Watch - For...,₹339
Analog Watch - For Men PE000029A,₹859
Aura Analog Watch - For Women 6268NM02,"₹1,229"
Digital Watch looks like smart watch Digital Watch - F...,₹141
Enticer Men's ( MTP-VD01D-1BVUDF ) Analog Watch - For ...,"₹2,995"
Essential Gents Analog Watch - For Men NN77105SM01W,"₹1,185"
Stunners 1.0 Analog Watch - For Men 3254NM01,"₹2,395"
Black Dial Analog Watch - For Women TWEL148SMU03,"₹1,049"
Silver Dial Analog Watch - For Women TWEL107SMU04,"₹1,249"
Bold Fonts Analog Watch - For Men NN38051SL06,"₹1,895"
Youth Series Digital Watch - For Men D218 (AE-1500WH-1...,"₹2,495"
SPLASH 3.0 Analog Watch - For Women 87036PP02W,₹489
Analog Watch - For Women VH000007E,"₹1,089"
girls Trendies 2.0 Analog Watch - For Women 68007PP06,₹829
Provogue Classy look premium quality semi water resista...,₹320
Trendies Analog Watch - For Women 68007PP03,₹909
Analog Watch - For Men WRG00066A,₹389
Essential Gents collection Analog Watch - For Men NP77...,"₹1,225"
Analog Watch - For Women AS000016C,₹889
Silver Dial Analog Watch - For Men TWTG80SMU16,"₹1,069"
Analog Watch - For Men 3274NL01,"₹1,169"
Multi Function Black Dial Analog Watch - For Men TWHG3...,"₹2,329"
Pankh Analog Watch - For Women NN8085YM05,"₹1,275"
Vintage Gold Dial Gold Stainless Steel Band Digital Wat...,"₹5,295"
Analog Watch - For Men AS000025D,"₹1,459"
Black Dial Stainless Steel Analog Watch - For Women TW...,"₹1,059"
Dual Time Analog Watch - For Men LC07881.399,"₹2,719"
Automatic White Dial Analog Watch - For Men TWEG208SMU...,"₹5,489"
SF Essentials Digital Watch - For Men NL77073PP02A,₹695
Steel Daisies Analog Watch - For Women NN8151SL01,₹795
Youth Combination ( AEQ-100W-1BVDF ) Analog-Digital Wat...,"₹3,995"
Chronograph Analog Watch - For Men LC07838.270,"₹3,389"
Silver Dial Analog Watch - For Men TW00ZR254,₹809
Vintage A700WM-7ADF Silver Dial Silver Stainless Steel ...,"₹3,695"
Digital Watch - For Boys & Girls Trending Black Colour...,₹299
Automatic Blue Dial Analog Watch - For Men TW000Z804,"₹8,339"
Basics Analog Watch - For Women 6204SL01,₹929
Analog Watch - For Men PE000036B,₹959
Karishma Flipkart SMU Analog Watch - For Men 1899SM01,"₹1,859"
Big Dial Analog Watch - For Men KL-9301-SILVER,₹379
Analog Watch - For Women NP8976YL01W,₹675
FK Exclusive Analog Watch - For Men 3294NL01,"₹1,459"
PARTY Analog Watch - For Men NP1474SM01,"₹3,895"
Trending Daily Wear Watch for Men Analog Watch - For M...,₹390
Maxima Elite Analog Watch - For Men L-63070LMGI,₹329
2023 Edition Analog Watch - For Men PE000061A,"₹1,479"
Neo Splash Analog Watch - For Men 1805QM01,"₹6,995"
Analog Watch - For Women 2729WM01,"₹2,579"
Flynn Analog Watch - For Men BQ1126,"₹5,969"
New Generation Black LED Display Top Latest Design In M...,₹149
Chronograph Analog Watch - For Men LC07385.390,"₹18,620"
Analog Watch - For Men AS000002A,"₹1,169"
Analog Watch - For Men AS000024B,"₹1,269"
Minimalists Analog Watch - For Men 38024PP24,₹895
Analog Watch - For Women AS000015G,"₹1,079"
Analog Watch - For Women AS000015E,₹839
Analog Watch - For Women AS000016A,₹869
Grey Dial Analog Watch - For Women TWEL155SMU02,"₹1,549"
White Dial Analog Watch - For Men TW0TG8200,₹619
Digital LED Watch Digital Watch - For Boys & Girls SW ...,₹260
Neo Economy 2019 Analog Watch - For Men NP1729SM07,"₹1,849"
Low cost - Astra Analog Watch - For Women NP87018YM01,₹825
Karishma Revive Analog Watch - For Women NP2593SM01,"₹1,720"
Core Analog Watch - For Men 7135SL03,₹975
Premium Analog Watch - For Men DK11599-44,"₹1,289"
2024 Edition Analog Watch - For Men AS000060D,"₹1,019"
By Sonata Digital Watch - For Men NH77043PP02,₹695
2023 Edition Analog Watch - For Men AS000010P,₹849
Neo Economy 2019 Analog Watch - For Women NP2639SL05,"₹1,995"
Gents Karishma Analog Watch - For Men 1713BM02,"₹3,585"
TwoTone Wrist Chain Watch For Mens & Boys Brand Gold Wa...,₹336
Tees Urbanique Analog Watch - For Women 38037PP23W,₹825
Raga Moments of Joy Analog Watch - For Women NQ2606WM0...,"₹7,765"
Zoop upgrade Analog Watch - For Boys & Girls NEC4006PP...,₹845
Analog Watch - For Men WRG00064B,₹699
By Sonata Digital Watch - For Men NG7982PP03J,₹549
Analog Watch - For Women NP8093YM01,"₹1,295"
Upgrades Analog Watch - For Men NN3039SM03,"₹2,195"
Timewear 0201BG premium watch Analog Watch - For Men &...,₹369
LK203 Analog Watch - For Men Day and Date Functioning ...,₹438
Analog Watch - For Women 87036PL03W,₹479
Automatic Black Dial Analog Watch - For Men FCA05-5,"₹4,319"
Eco Analog Watch - For Men NN1584SL03,"₹2,695"
ENTICER MEN Analog Watch - For Men A2317 ( MTP-V006L-1...,"₹2,495"
Analog Watch - For Women FCN00071D,"₹1,009"
FK Exclusive Analog Watch - For Women 6284SL01,₹959
Lagan 2021-22 Analog Watch - For Women 2656WL01,"₹1,995"
Analog Watch - For Men 02202PPGW,₹499
Izzy Analog Watch - For Women ES4888,"₹4,059"
Pink Dial Analog Watch - For Women TWEL128SMU02,"₹1,409"
Stunners 6.0 Analog Watch - For Men 3278SM03,"₹1,495"
Modern Bandhan IV Analog Watch - For Couple NP94004942...,"₹5,749"
Professionals 1 Analog Watch - For Women NP8100SM03,"₹1,025"
Automatic Green Dial Analog Watch - For Men TWEG208SMU...,"₹6,659"
Analog Watch - For Men AS000001B,"₹1,349"
Analog Watch - For Men NG3120SM02,"₹1,679"
Multifunction Black Dial Analog Watch - For Men TWHG34...,"₹1,649"
Poze Blue Strap with Blue Dial Analog Watch - For Men ...,₹739
Analog Watch - For Men PE000010A,₹689
Neo Ladies Analog Watch - For Women NN2480KM01,"₹3,245"
Tees RIO Analog Watch - For Men & Women 38021PP11J,₹780
By Sonata Digital Watch - For Men NG7982PP02J,₹575
Neo Analog Watch - For Men NN1733KL03,"₹5,795"
Analog Watch - For Men PE000009B,₹719
Multi Function Blue Dial Analog Watch - For Men TWEG21...,"₹1,799"
Analog Watch - For Women AMWW227,₹794
Charectors Analog Watch - For Girls AZ22,₹385
Wholesale Children's Birthday Cartoon Projection Kid To...,₹246
Analog Watch - For Boys WRG00112E,₹489
New Good Looking Attractive Watch Digital Watch - For ...,₹149
Space-II Analog Watch - For Women 6194NM01,"₹1,219"
Linnea Analog Watch - For Women 8173SL01,₹999
Analog Watch - For Men WRG00065B,₹929
Analog Watch - For Men 38022PP03,₹619
Analog Watch - For Men Combo Pack Of 2 New Arrival Bla...,₹249
Alpha Rose Gold Dial Analog Watch - For Women 6285WM03,"₹4,195"
Sona Sitara Analog Watch - For Women NN8073YM01,"₹1,899"
Karishma refresher Analog Watch - For Men NM1712YM02,"₹2,235"
Digital Watch - For Boys & Girls Digital Watch - For B...,₹129
Silver Dial Stainless Steel Analog Watch - For Men TW0...,₹629
Black Dial with Day-Date Function Analog Watch - For M...,"₹3,139"
Bule Dial Analog Watch - For Men TWNTG09SMU10,₹869
Stunners 6.0 Analog Watch - For Women 6152SM08,"₹1,495"
Poze - Metal Analog Watch - For Women SP80076KD03WF,"₹1,795"
KARISHMA Analog Watch - For Men NP9151YM03,"₹2,895"
G-SHOCK Black-Yellow Dial Black Resin Strap Analog-Digi...,"₹7,495"
Upbeat 1.0 Analog Watch - For Men 3241SL01,"₹1,159"
Vyb Classique Blue Dial Silver Strap Analog Watch - Fo...,"₹1,169"
Sleek 5.0 Analog Watch - For Men 7148SL02,"₹1,557"
Enticer ( MTP-VD01D-2BVUDF ) Analog Watch - For Men A1...,"₹2,995"
Poze Silver Dial Gold Strap Analog Watch - For Men SP7...,"₹1,008"
Analog Watch - For Women FCJPS01,"₹1,389"
Neo Gents IV Analog Watch - For Men NQ1805NL01,"₹5,495"
Hype All Black Analog Watch - For Men & Women 68034PP0...,"₹1,295"
Vyb Starlet Gold Dial Gold Strap Analog Watch - For Wo...,"₹1,869"
Brown Dial Analog Watch - For Women TWEL107SMU17,"₹1,539"
2023 Edition Analog Watch - For Women AS000047D,"₹1,169"
White Dial Analog Watch - For Men A303,₹799
Automatic Silver Dial Analog Watch - For Men TWEG208SM...,"₹6,659"
Bold Fonts Analog Watch - For Men NN38051SM07,"₹2,195"
Midnight party Analog Watch - For Men NP3098SL02,"₹4,195"
Analog Watch - For Men NN7007YM04,"₹1,425"
Hexa 2 Digital Watch - For Boys & Girls 77123PP01,"₹1,099"
Analog Watch - For Girls Luxury Mesh Magnet Buckle Sta...,₹289
Titan Neo Gents Analog Watch - For Men 1802SL01,"₹1,995"
Water Resistance Digital Watch - For Boys & Girls Bran...,₹189
2023 Edition Analog Watch - For Men AS000050C,"₹1,489"
KARISHMA Analog Watch - For Men NN9151YM05,"₹3,045"
Grey Dial Analog Watch - For Men TWNTG09SMU01,"₹1,129"
Tees Urbanique Analog Watch - For Men 38024PP83W,₹895
Analog Watch - For Men LC07449.560,"₹3,079"
Youth ( AE-1200WH-1BVDF ) Digital Watch - For Men D098,"₹2,595"
Analog Watch - For Men 3242SM02,"₹1,069"
Edge Ceramic Quartz in Glossy Green Dial Analog Watch ...,"₹31,495"
Mechanical Automatic Analog Watch - For Men 90195SL01,"₹10,979"
Analog Watch - For Men PE000018D,₹879
Volt Analog Watch - For Men 77085PP04,₹725
Trendies 3.0 Analog Watch - For Men NP38058PP03,"₹1,595"
Gorgeous Analog Watch - For Women Diamond Studded Seri...,₹341
"Calendar, Stop Watch, Trending, Confirmable Sports Digi...",₹539
Multi Function Black Dial Analog Watch - For Men TWEG1...,"₹1,729"
Sonata Style Analog Watch - For Women 87056SM01W,"₹1,299"
Analog Watch - For Men AS000026A,"₹1,099"
Vintage A700WMG-9ADF Gold Dial Gold Stainless Steel Mes...,"₹5,295"
Sonata Blush 4.0 Analog Watch - For Women 87050QM01,"₹1,999"
Briggs Analog Watch - For Men CH2927I,"₹4,129"
Raga Delight Analog Watch - For Women 2608QM02,"₹5,995"
Fundamentals Analog Watch - For Men NP38051SM03,"₹1,795"
Digital Watch - For Boys & Girls Smart Watch Return Gi...,₹149
Fundamentals Analog Watch - For Men NP38051SL02,"₹1,795"
Karishma Flipkart SMU Analog Watch - For Men 1899QM01,"₹2,319"
Analog Watch - For Men New Stylish Combo Of Silver Ave...,₹259
Digital Watch - For Women Digital Waterproof Sports Sq...,₹279
& Kids Digital Watch - For Boys Zo0021Fix2136,₹145
Super Fiber Economy Digital Watch - For Men 7982PP09,₹675
Aura Analog Watch - For Women 6268WL03,"₹1,019"
Karishma Analog Watch - For Women NM2598YM01,"₹1,995"
Analog Watch - For Men 2211766,"₹1,140"
Essentials 2 Analog Watch - For Men NP77083SM03,₹995
Analog Watch - For Men New Stylish Combo Of Silver Ave...,₹259
Analog Watch - For Women LC07448.270,"₹2,729"
Digital Watch - For Boys & Girls Square Miller Analog ...,₹249
Essentials 2 Analog Watch - For Men NP77083SM03,₹995
Digital Watch - For Boys & Girls Smartled watch,₹265
Vintage A168WEGB-1BDF Black Dial Black Stainless Steel ...,"₹5,295"
New Generation Black LED Display Top Latest Design In M...,₹149
Purple Unending Beauty Analog Watch - For Women NQ9516...,"₹5,669"
Sports Formal Casual Series Analog Watch - For Men SK-...,₹359
Poze Tan Strap with Blue Dial Analog Watch - For Men S...,₹739
HMTS Day & Date Series Original Black Plating Quartz Me...,₹326
Essentials Analog Watch - For Men NN3039SP01,"₹1,695"
Analog Watch - For Women 17822540,₹529
Analog Watch - For Men NK3089SL05J,"₹2,995"
Neo Economy 2019 Analog Watch - For Men NP1802SL04,"₹1,995"
Enticer Men's ( MTP-VT01D-1BUDF ) Analog Watch - For M...,"₹3,795"
All Brown Boys Series Analog Watch - For Boys ANLG-428...,₹204
Karishma Analog Watch - For Men NH1638SM01,"₹1,995"
Analog Watch - For Women DK11138-7,"₹2,059"
Silver-Dial Analog Watch - For Men TW0TG6507,"₹1,369"
Chronograph Analog Watch - For Men LC07385.350,"₹3,269"
Vyb Mirage Analog Watch - For Women FV60040WM01,"₹1,450"
Round Rose Gold Analog Watch - For Women DRW001,₹304
T10 Ultra2 smartwatch with calling Hybrid Smartwatch Wa...,₹649
Analog Watch - For Women O-66861PMLI,₹459
Sleek 4 Analog Watch - For Men NP7144SM01,"₹1,349"
Analog Watch - For Men 3274NM01,"₹2,599"
SF Vigour Multifunctional Sports Analog-Digital Watch ...,"₹1,495"
Edifice EFR-526D-1AVUDF Black Dial Silver Stainless Ste...,"₹8,495"
Edge Ceramic Quartz in Midnight Gold with Diamonds and ...,"₹39,995"
Enticer ( MTP-1381L-7AVDF ) Analog Watch - For Men A84...,"₹4,095"
Ruffles Analog Watch - For Women NP6208SL01,"₹1,549"
Super Fiber Economy Analog Watch - For Men NP77113PP03...,₹619
Bare Basic Analog Watch - For Men NG3120SL01C,"₹1,695"
Analog Watch - For Men X6057-F,"₹2,179"
Gents Karishma Analog Watch - For Men 1824BM03,"₹3,995"
Glitch Analog Watch - For Women 68026SM01,"₹2,989"
LC07254.650 Analog Watch - For Men LC07254.650,"₹2,999"
Automatic Silver Dial Analog Watch - For Men TWEG208SM...,"₹5,089"
Multifunction with Sunray Dial Analog Watch - For Men ...,"₹2,819"
